id, chemin 
1, 'avatar1.png'
2, 'avatar7.png'
3, 'avatar9.jpg'
4, 'avatar5.jpg'
5, 'avatar14.png'
6, 'avatar6.png'
7, 'avatar18.jpg'
8, 'avatar19.jpeg'
9, 'avatar10.jpg'
10, 'default-avatar.png'
11, 'default-avatar.png'
12, 'avatar8.png'
13, 'avatar15.png'
14, 'avatar13.jpg'
15, 'avatar4.jpg'
16, 'avatar11.jpg'
17, 'avatar21.png'
18, 'avatar29.png'
19, 'avatar31.jpg'
20, 'avatar27.jpg'
21, 'default-avatar.png'
22, 'avatar12.jpg'
23, 'avatar25.jpg'
24, 'avatar10.jpg'
25, 'avatar23.png'
26, 'avatar26.jpg'
27, 'avatar9.jpg'
28, 'avatar14.png'
29, 'avatar11.jpg'
30, 'avatar22.gif'
31, 'avatar2.png'
32, 'avatar6.png'
33, 'avatar24.png'
34, 'default-avatar.png'
35, 'avatar13.jpg'
36, 'avatar5.jpg'
37, 'avatar27.jpg'
38, 'avatar30.png'
39, 'avatar11.jpg'
40, 'avatar23.png'
41, 'avatar34.jpg'
42, 'avatar32.jpg'
43, 'avatar33.gif'
44, 'default-avatar.png'
45, 'avatar35.png'
46, 'avatar36.png'
47, 'avatar3.jpg'
48, 'avatar17.jpg'
49, 'avatar24.png'
50, 'avatar2.png'
51, 'default-avatar.png'
52, 'avatar1.png'
53, 'avatar13.jpg'
54, 'avatar20.png'
55, 'avatar11.jpg'
56, 'avatar28.jpg'
57, 'avatar5.jpg'
